{
 "venues": {
  "Aqua HK": {
   "cur": 166,
   "wow": 180,
   "yoy": 190,
   "tgt": 187,
   "meta_s": 9254.94,
   "goog_s": 8108.07,
   "goog_b": 53.5,
   "meta_sch": 12,
   "ytd_prior": 4123,
   "ad": 17363.010000000002,
   "var": -21,
   "var_pct": -11.229946524064172,
   "wow_pct": -7.777777777777778,
   "yoy_pct": -12.631578947368421,
   "ytd_new": 4289,
   "ytd_tgt_prior": 4486,
   "ytd_tgt_new": 4673,
   "ytd_var_new": -384,
   "ytd_var_pct": -8.21741921677723,
   "cpb": 104.59644578313254,
   "meta_cpa": 771.245,
   "goog_cpa": 151.55271028037382
  },
  "Hutong HK": {
   "cur": 242,
   "wow": 230,
   "yoy": 176,
   "tgt": 230,
   "meta_s": 3070.3,
   "goog_s": 4758.41,
   "goog_b": 10.97,
   "meta_sch": 8,
   "ytd_prior": 6214,
   "ad": 7828.71,
   "var": 12,
   "var_pct": 5.217391304347826,
   "wow_pct": 5.217391304347826,
   "yoy_pct": 37.5,
   "ytd_new": 6456,
   "ytd_tgt_prior": 5382,
   "ytd_tgt_new": 5612,
   "ytd_var_new": 844,
   "ytd_var_pct": 15.039201710620102,
   "cpb": 32.35004132231405,
   "meta_cpa": 383.7875,
   "goog_cpa": 433.7657247037374
  },
  "The Chinese Library": {
   "cur": 74,
   "wow": 125,
   "yoy": 93,
   "tgt": 93,
   "meta_s": 6975.62,
   "goog_s": 3559.41,
   "goog_b": 26,
   "meta_sch": 3,
   "ytd_prior": 2606,
   "ad": 10535.029999999999,
   "var": -19,
   "var_pct": -20.43010752688172,
   "wow_pct": -40.8,
   "yoy_pct": -20.43010752688172,
   "ytd_new": 2680,
   "ytd_tgt_prior": 2139,
   "ytd_tgt_new": 2232,
   "ytd_var_new": 448,
   "ytd_var_pct": 20.07168458781362,
   "cpb": 142.36527027027026,
   "meta_cpa": 2325.2066666666665,
   "goog_cpa": 136.9003846153846
  },
  "Cantina": {
   "cur": 75,
   "wow": 79,
   "yoy": 46,
   "tgt": 47,
   "meta_s": 5258.43,
   "goog_s": 4635.42,
   "goog_b": 19,
   "meta_sch": 13,
   "ytd_prior": 1217,
   "ad": 9893.85,
   "var": 28,
   "var_pct": 59.57446808510638,
   "wow_pct": -5.063291139240507,
   "yoy_pct": 63.04347826086957,
   "ytd_new": 1292,
   "ytd_tgt_prior": 1185,
   "ytd_tgt_new": 1232,
   "ytd_var_new": 60,
   "ytd_var_pct": 4.870129870129871,
   "cpb": 131.918,
   "meta_cpa": 404.49461538461543,
   "goog_cpa": 243.96947368421053
  },
  "Dim Sum Library": {
   "cur": 126,
   "wow": 149,
   "yoy": 141,
   "tgt": 173,
   "meta_s": 538.31,
   "goog_s": 1070.03,
   "goog_b": 52.86,
   "meta_sch": 2,
   "ytd_prior": 3462,
   "ad": 1608.34,
   "var": -47,
   "var_pct": -27.167630057803464,
   "wow_pct": -15.436241610738255,
   "yoy_pct": -10.638297872340425,
   "ytd_new": 3588,
   "ytd_tgt_prior": 3571,
   "ytd_tgt_new": 3744,
   "ytd_var_new": -156,
   "ytd_var_pct": -4.166666666666666,
   "cpb": 12.764603174603174,
   "meta_cpa": 269.155,
   "goog_cpa": 20.24271660991298
  },
  "Shiro (PP & TK)": {
   "cur": 101,
   "wow": 138,
   "yoy": 83,
   "tgt": 126,
   "meta_s": 3655.66,
   "goog_s": 4071.78,
   "goog_b": 40.84,
   "meta_sch": 4,
   "ytd_prior": 3066,
   "ad": 7727.4400000000005,
   "var": -25,
   "var_pct": -19.841269841269842,
   "wow_pct": -26.811594202898554,
   "yoy_pct": 21.686746987951807,
   "ytd_new": 3167,
   "ytd_tgt_prior": 2519,
   "ytd_tgt_new": 2645,
   "ytd_var_new": 522,
   "ytd_var_pct": 19.735349716446123,
   "cpb": 76.50930693069307,
   "meta_cpa": 913.915,
   "goog_cpa": 99.70078354554359
  }
 },
 "vesu": {
  "ytd_prior": 917,
  "tgt": 0,
  "ytd_new": 917,
  "ytd_tgt_prior": 930,
  "ytd_tgt_new": 930,
  "ytd_var_new": -13,
  "ytd_var_pct": -1.3978494623655915
 },
 "tot": {
  "cur": 784,
  "wow": 901,
  "yoy": 729,
  "tgt": 856,
  "meta_s": 28753.260000000002,
  "goog_s": 26203.119999999995,
  "ad": 54956.38,
  "ytd_prior": 20688,
  "ytd_new": 22389,
  "ytd_tgt_new": 21068,
  "var": -72,
  "var_pct": -8.411214953271028,
  "wow_pct": -12.985571587125417,
  "yoy_pct": 7.544581618655692,
  "ytd_var_new": 1321,
  "ytd_var_pct": 6.270172773875071,
  "cpb": 70.09742346938775,
  "meta_cpa": 0
 },
 "order": [
  "Aqua HK",
  "Hutong HK",
  "The Chinese Library",
  "Cantina",
  "Dim Sum Library",
  "Shiro (PP & TK)"
 ]
}